"","Trait","Model","Threshold","Marker","Chrom","Position","Ref","Alt","Score","Effect"
"5041","train_CPPT","general",5.03,"solcap_snp_c2_52622","0",19291544,"A","G",9.17,NA
"1878","train_CPPT","general",5.03,"solcap_snp_c2_14793","1",86305720,"C","T",6.66,NA
"1871","train_CPPT","general",5.03,"solcap_snp_c2_14762","1",86750499,"C","T",6.01,NA
"3701","train_CPPT","general",5.03,"solcap_snp_c2_37816","1",87746117,"C","T",5.17,NA
"3101","train_CPPT","general",5.03,"solcap_snp_c2_30959","1",88451740,"C","T",6.38,NA
"5353","train_CPPT","general",5.03,"solcap_snp_c2_55849","4",59150916,"A","G",5.84,NA
"3643","train_CPPT","general",5.03,"solcap_snp_c2_37066","5",8139386,"C","T",5.04,NA
"5109","train_CPPT","general",5.03,"solcap_snp_c2_53296","5",14011967,"A","G",5.12,NA
"4183","train_CPPT","general",5.03,"solcap_snp_c2_44034","5",14363563,"A","G",5.21,NA
"4644","train_CPPT","general",5.03,"solcap_snp_c2_48951","8",5311941,"A","G",5.4,NA
"1372","train_CPPT","general",5.03,"solcap_snp_c1_8380","8",5810262,"G","T",5.48,NA
"2926","train_CPPT","general",5.03,"solcap_snp_c2_28637","8",48669662,"A","T",5.72,NA
"1351","train_CPPT","general",5.03,"solcap_snp_c1_8282","8",54022113,"A","G",6.02,NA
"4608","train_CPPT","general",5.03,"solcap_snp_c2_48673","9",741534,"C","G",5.12,NA
"3705","train_CPPT","general",5.03,"solcap_snp_c2_37958","10",53578858,"A","G",5.93,NA
"1021","train_CPPT","general",5.03,"solcap_snp_c1_5010","10",55210592,"C","T",6.44,NA
"2565","train_CPPT","general",5.03,"solcap_snp_c2_23958","11",6278396,"A","G",5.41,NA
"3743","train_CPPT","general",5.03,"solcap_snp_c2_3841","11",39154586,"G","T",6.03,NA
"2625","train_CPPT","general",5.03,"solcap_snp_c2_24646","12",6911438,"A","G",5.17,NA
